"person","app","day","month","year","strDate","date"
"z","mg","16","11","2023","16-11-2023","20231116"
"z","mg","15","11","2023","15-11-2023","20231115"
"z","mg","03","11","2023","03-11-2023","20231103"
"z","mg","02","11","2023","02-11-2023","20231102"
"z","mg","29","10","2023","29-10-2023","20231029"
"z","mg","21","09","2023","21-09-2023","20230921"
"z","mg","20","09","2023","20-09-2023","20230920"
"z","mg","17","09","2023","17-09-2023","20230917"
"z","mg","31","08","2023","31-08-2023","20230831"
"z","mg","30","08","2023","30-08-2023","20230830"
"z","mg","21","08","2023","21-08-2023","20230821"
"z","mg","18","08","2023","18-08-2023","20230818"
"z","mg","13","08","2023","13-08-2023","20230813"
"z","mg","09","08","2023","09-08-2023","20230809"
"z","mg","09","08","2023","09-08-2023","20230809"
"z","mg","08","08","2023","08-08-2023","20230808"
"z","mg","08","08","2023","08-08-2023","20230808"
"z","mg","08","08","2023","08-08-2023","20230808"
"z","mg","08","08","2023","08-08-2023","20230808"
"z","mg","08","08","2023","08-08-2023","20230808"
"z","mg","02","07","2023","02-07-2023","20230702"
"z","mg","26","06","2023","26-06-2023","20230626"
"z","mg","06","06","2023","06-06-2023","20230606"
"z","mg","04","06","2023","04-06-2023","20230604"
"z","mg","04","06","2023","04-06-2023","20230604"
"z","mg","02","06","2023","02-06-2023","20230602"
"z","mg","02","06","2023","02-06-2023","20230602"
"z","mg","01","06","2023","01-06-2023","20230601"
"z","mg","14","05","2023","14-05-2023","20230514"
"z","mg","09","05","2023","09-05-2023","20230509"
"z","mg","06","05","2023","06-05-2023","20230506"
"z","mg","06","04","2023","06-04-2023","20230406"
"z","mg","06","04","2023","06-04-2023","20230406"
"z","mg","31","03","2023","31-03-2023","20230331"
"z","mg","30","03","2023","30-03-2023","20230330"
"z","mg","22","03","2023","22-03-2023","20230322"
"z","mg","19","03","2023","19-03-2023","20230319"
"z","mg","14","03","2023","14-03-2023","20230314"
"z","mg","09","03","2023","09-03-2023","20230309"
"z","mg","06","03","2023","06-03-2023","20230306"
"z","mg","27","02","2023","27-02-2023","20230227"
"z","mg","27","02","2023","27-02-2023","20230227"
"z","mg","21","02","2023","21-02-2023","20230221"
"z","mg","21","02","2023","21-02-2023","20230221"
"z","mg","17","02","2023","17-02-2023","20230217"
"z","mg","16","02","2023","16-02-2023","20230216"
"z","mg","11","02","2023","11-02-2023","20230211"
"z","mg","11","02","2023","11-02-2023","20230211"
"z","mg","11","02","2023","11-02-2023","20230211"
"z","mg","10","02","2023","10-02-2023","20230210"
"z","mg","10","02","2023","10-02-2023","20230210"
"z","mg","28","01","2023","28-01-2023","20230128"
"z","mg","26","01","2023","26-01-2023","20230126"
"z","mg","24","01","2023","24-01-2023","20230124"
"z","mg","23","01","2023","23-01-2023","20230123"
"z","mg","21","01","2023","21-01-2023","20230121"
"z","mg","21","01","2023","21-01-2023","20230121"
"z","mg","20","01","2023","20-01-2023","20230120"
"z","mg","20","01","2023","20-01-2023","20230120"
"z","mg","20","01","2023","20-01-2023","20230120"
"z","mg","20","01","2023","20-01-2023","20230120"
"z","mg","19","01","2023","19-01-2023","20230119"
"z","mg","17","01","2023","17-01-2023","20230117"
"z","mg","15","01","2023","15-01-2023","20230115"
"z","mg","09","01","2023","09-01-2023","20230109"
"z","mg","02","01","2023","02-01-2023","20230102"
"z","mg","01","01","2023","01-01-2023","20230101"
"z","mg","31","12","2022","31-12-2022","20221231"
"z","mg","29","12","2022","29-12-2022","20221229"
"z","mg","14","12","2022","14-12-2022","20221214"
"z","mg","23","11","2022","23-11-2022","20221123"
"z","mg","21","11","2022","21-11-2022","20221121"
"z","mg","08","11","2022","08-11-2022","20221108"
"z","mg","07","11","2022","07-11-2022","20221107"
"z","mg","06","11","2022","06-11-2022","20221106"
"z","mg","05","11","2022","05-11-2022","20221105"
"z","mg","01","11","2022","01-11-2022","20221101"
"z","mg","01","11","2022","01-11-2022","20221101"
"z","mg","30","10","2022","30-10-2022","20221030"
"z","mg","28","10","2022","28-10-2022","20221028"
"z","mg","28","10","2022","28-10-2022","20221028"
"z","mg","28","10","2022","28-10-2022","20221028"
"z","mg","28","10","2022","28-10-2022","20221028"
"z","mg","28","10","2022","28-10-2022","20221028"
"z","mg","28","10","2022","28-10-2022","20221028"
"z","mg","27","10","2022","27-10-2022","20221027"
"z","mg","27","10","2022","27-10-2022","20221027"
"z","mg","27","10","2022","27-10-2022","20221027"
"z","mg","27","10","2022","27-10-2022","20221027"
"z","mg","27","10","2022","27-10-2022","20221027"
"z","mg","26","10","2022","26-10-2022","20221026"
"z","mg","26","10","2022","26-10-2022","20221026"
"z","mg","23","10","2022","23-10-2022","20221023"
"z","mg","22","10","2022","22-10-2022","20221022"
"z","mg","22","10","2022","22-10-2022","20221022"
"z","mg","22","10","2022","22-10-2022","20221022"
"z","mg","22","10","2022","22-10-2022","20221022"
"z","mg","21","10","2022","21-10-2022","20221021"
"z","mg","21","10","2022","21-10-2022","20221021"
"z","mg","21","10","2022","21-10-2022","20221021"
"z","mg","21","10","2022","21-10-2022","20221021"
"z","mg","21","10","2022","21-10-2022","20221021"
"z","mg","14","10","2022","14-10-2022","20221014"
"z","mg","13","10","2022","13-10-2022","20221013"
"z","mg","13","10","2022","13-10-2022","20221013"
"z","mg","13","10","2022","13-10-2022","20221013"
"z","mg","12","10","2022","12-10-2022","20221012"
"z","mg","12","10","2022","12-10-2022","20221012"
"z","mg","09","10","2022","09-10-2022","20221009"
"z","mg","09","10","2022","09-10-2022","20221009"
"z","mg","08","10","2022","08-10-2022","20221008"
"z","mg","08","10","2022","08-10-2022","20221008"
"z","mg","08","10","2022","08-10-2022","20221008"
"z","mg","06","10","2022","06-10-2022","20221006"
"z","mg","05","10","2022","05-10-2022","20221005"
"z","mg","05","10","2022","05-10-2022","20221005"
"z","mg","05","10","2022","05-10-2022","20221005"
"z","mg","04","10","2022","04-10-2022","20221004"
"z","mg","03","10","2022","03-10-2022","20221003"
"z","mg","03","10","2022","03-10-2022","20221003"
"z","mg","01","10","2022","01-10-2022","20221001"
"z","mg","01","10","2022","01-10-2022","20221001"
"z","mg","30","09","2022","30-09-2022","20220930"
"z","mg","30","09","2022","30-09-2022","20220930"
"z","mg","30","09","2022","30-09-2022","20220930"
"z","mg","30","09","2022","30-09-2022","20220930"
"z","mg","26","09","2022","26-09-2022","20220926"
"z","mg","26","09","2022","26-09-2022","20220926"
"z","mg","26","09","2022","26-09-2022","20220926"
"z","mg","26","09","2022","26-09-2022","20220926"
"z","mg","26","09","2022","26-09-2022","20220926"
"z","mg","26","09","2022","26-09-2022","20220926"
"z","mg","26","09","2022","26-09-2022","20220926"
"z","mg","26","09","2022","26-09-2022","20220926"
"z","mg","26","09","2022","26-09-2022","20220926"
"z","mg","26","09","2022","26-09-2022","20220926"
"z","mg","26","09","2022","26-09-2022","20220926"
"z","mg","26","09","2022","26-09-2022","20220926"
"z","mg","26","09","2022","26-09-2022","20220926"
"z","mg","26","09","2022","26-09-2022","20220926"
"z","mg","26","09","2022","26-09-2022","20220926"
"z","mg","26","09","2022","26-09-2022","20220926"
"z","mg","26","09","2022","26-09-2022","20220926"
"z","mg","26","09","2022","26-09-2022","20220926"
"z","mg","26","09","2022","26-09-2022","20220926"
"z","mg","26","09","2022","26-09-2022","20220926"
"z","mg","26","09","2022","26-09-2022","20220926"
"z","mg","25","09","2022","25-09-2022","20220925"
"z","mg","25","09","2022","25-09-2022","20220925"
"z","mg","25","09","2022","25-09-2022","20220925"
"z","mg","24","09","2022","24-09-2022","20220924"
"z","mg","23","09","2022","23-09-2022","20220923"
"z","mg","23","09","2022","23-09-2022","20220923"
"z","mg","23","09","2022","23-09-2022","20220923"
"z","mg","22","09","2022","22-09-2022","20220922"
"z","mg","22","09","2022","22-09-2022","20220922"
"z","mg","22","09","2022","22-09-2022","20220922"
"z","mg","22","09","2022","22-09-2022","20220922"
"z","mg","22","09","2022","22-09-2022","20220922"
"z","mg","22","09","2022","22-09-2022","20220922"
"z","mg","22","09","2022","22-09-2022","20220922"
"z","mg","21","09","2022","21-09-2022","20220921"
"z","mg","21","09","2022","21-09-2022","20220921"
"z","mg","21","09","2022","21-09-2022","20220921"
"z","mg","19","09","2022","19-09-2022","20220919"
"z","mg","19","09","2022","19-09-2022","20220919"
"z","mg","18","09","2022","18-09-2022","20220918"
"z","mg","17","09","2022","17-09-2022","20220917"
"z","mg","16","09","2022","16-09-2022","20220916"
"z","mg","16","09","2022","16-09-2022","20220916"
"z","mg","16","09","2022","16-09-2022","20220916"
"z","mg","16","09","2022","16-09-2022","20220916"
"z","mg","01","09","2022","01-09-2022","20220901"
"z","mg","01","09","2022","01-09-2022","20220901"
"z","mg","31","08","2022","31-08-2022","20220831"
"z","mg","27","08","2022","27-08-2022","20220827"
"z","mg","27","08","2022","27-08-2022","20220827"
"z","mg","27","08","2022","27-08-2022","20220827"
"z","mg","26","08","2022","26-08-2022","20220826"
"z","mg","25","08","2022","25-08-2022","20220825"
"z","mg","25","08","2022","25-08-2022","20220825"
"z","mg","25","08","2022","25-08-2022","20220825"
"z","mg","18","08","2022","18-08-2022","20220818"
"z","mg","17","08","2022","17-08-2022","20220817"
"z","mg","17","08","2022","17-08-2022","20220817"
"z","mg","17","08","2022","17-08-2022","20220817"
"z","mg","17","08","2022","17-08-2022","20220817"
"z","mg","08","08","2022","08-08-2022","20220808"
"z","mg","30","07","2022","30-07-2022","20220730"
"z","mg","30","07","2022","30-07-2022","20220730"
"z","mg","29","07","2022","29-07-2022","20220729"
"z","mg","29","07","2022","29-07-2022","20220729"
"z","mg","29","07","2022","29-07-2022","20220729"
"z","mg","27","07","2022","27-07-2022","20220727"
"z","mg","27","07","2022","27-07-2022","20220727"
"z","mg","26","07","2022","26-07-2022","20220726"
"z","mg","26","07","2022","26-07-2022","20220726"
"z","mg","26","07","2022","26-07-2022","20220726"
"z","mg","26","07","2022","26-07-2022","20220726"
"z","mg","26","07","2022","26-07-2022","20220726"
"z","mg","26","07","2022","26-07-2022","20220726"
"z","mg","26","07","2022","26-07-2022","20220726"
"z","mg","26","07","2022","26-07-2022","20220726"
"z","mg","26","07","2022","26-07-2022","20220726"
"z","mg","26","07","2022","26-07-2022","20220726"
"z","mg","25","07","2022","25-07-2022","20220725"
"z","mg","13","07","2022","13-07-2022","20220713"
"z","mg","11","07","2022","11-07-2022","20220711"
"z","mg","10","07","2022","10-07-2022","20220710"
"z","mg","06","07","2022","06-07-2022","20220706"
"z","mg","03","07","2022","03-07-2022","20220703"
"z","mg","03","07","2022","03-07-2022","20220703"
"z","mg","03","07","2022","03-07-2022","20220703"
"z","mg","03","07","2022","03-07-2022","20220703"
"z","mg","09","05","2022","09-05-2022","20220509"
"z","mg","20","03","2022","20-03-2022","20220320"
"z","mg","20","03","2022","20-03-2022","20220320"
"z","mg","21","12","2021","21-12-2021","20211221"
"z","mg","09","12","2021","09-12-2021","20211209"
"z","mg","29","11","2021","29-11-2021","20211129"
"z","mg","29","11","2021","29-11-2021","20211129"
"z","mg","29","11","2021","29-11-2021","20211129"
"z","mg","28","11","2021","28-11-2021","20211128"
"z","mg","28","11","2021","28-11-2021","20211128"
"z","mg","28","11","2021","28-11-2021","20211128"
"z","mg","28","11","2021","28-11-2021","20211128"
"z","mg","28","10","2021","28-10-2021","20211028"
"z","mg","28","10","2021","28-10-2021","20211028"
"z","mg","28","10","2021","28-10-2021","20211028"
"z","mg","28","10","2021","28-10-2021","20211028"
"z","mg","12","10","2021","12-10-2021","20211012"
"z","mg","11","10","2021","11-10-2021","20211011"
"z","mg","17","01","2021","17-01-2021","20210117"
"z","mg","05","01","2021","05-01-2021","20210105"
"z","mg","13","11","2020","13-11-2020","20201113"
"z","mg","06","11","2020","06-11-2020","20201106"
"z","mg","06","11","2020","06-11-2020","20201106"
"z","mg","06","11","2020","06-11-2020","20201106"
"z","mg","06","11","2020","06-11-2020","20201106"
"z","mg","06","11","2020","06-11-2020","20201106"
"z","mg","06","11","2020","06-11-2020","20201106"
"z","mg","29","09","2020","29-09-2020","20200929"
"z","mg","04","09","2020","04-09-2020","20200904"
"z","mg","28","08","2020","28-08-2020","20200828"
"z","mg","24","08","2020","24-08-2020","20200824"
"z","mg","23","08","2020","23-08-2020","20200823"
"z","mg","09","08","2020","09-08-2020","20200809"
"z","mg","06","08","2020","06-08-2020","20200806"
"z","mg","06","08","2020","06-08-2020","20200806"
"z","mg","23","07","2020","23-07-2020","20200723"
"z","mg","21","07","2020","21-07-2020","20200721"
"z","mg","12","07","2020","12-07-2020","20200712"
"z","mg","07","07","2020","07-07-2020","20200707"
"z","mg","16","06","2020","16-06-2020","20200616"
"z","mg","11","06","2020","11-06-2020","20200611"
"z","mg","31","05","2020","31-05-2020","20200531"
"z","mg","25","05","2020","25-05-2020","20200525"
"z","mg","25","05","2020","25-05-2020","20200525"
"z","mg","24","05","2020","24-05-2020","20200524"
"z","mg","23","05","2020","23-05-2020","20200523"
"z","mg","23","05","2020","23-05-2020","20200523"
"z","mg","18","05","2020","18-05-2020","20200518"
"z","mg","15","05","2020","15-05-2020","20200515"
"z","mg","26","04","2020","26-04-2020","20200426"
"z","mg","11","04","2020","11-04-2020","20200411"
"z","mg","04","04","2020","04-04-2020","20200404"
"z","mg","18","03","2020","18-03-2020","20200318"
"z","mg","16","03","2020","16-03-2020","20200316"
"z","mg","13","03","2020","13-03-2020","20200313"
"z","mg","13","03","2020","13-03-2020","20200313"
"z","mg","13","03","2020","13-03-2020","20200313"
"z","mg","13","03","2020","13-03-2020","20200313"
"z","mg","13","03","2020","13-03-2020","20200313"
"z","mg","13","03","2020","13-03-2020","20200313"
"z","mg","07","03","2020","07-03-2020","20200307"
"z","mg","05","03","2020","05-03-2020","20200305"
"z","mg","05","03","2020","05-03-2020","20200305"
"z","mg","03","03","2020","03-03-2020","20200303"
"z","mg","22","02","2020","22-02-2020","20200222"
"z","mg","10","02","2020","10-02-2020","20200210"
"z","mg","03","01","2020","03-01-2020","20200103"
"z","mg","31","12","2019","31-12-2019","20191231"
"z","mg","30","12","2019","30-12-2019","20191230"
"z","mg","08","12","2019","08-12-2019","20191208"
"z","mg","28","11","2019","28-11-2019","20191128"
"z","mg","11","11","2019","11-11-2019","20191111"
"z","mg","02","11","2019","02-11-2019","20191102"
"z","mg","27","10","2019","27-10-2019","20191027"
"z","mg","26","10","2019","26-10-2019","20191026"
"z","mg","23","10","2019","23-10-2019","20191023"
"z","mg","23","10","2019","23-10-2019","20191023"
"z","mg","06","10","2019","06-10-2019","20191006"
"z","mg","05","10","2019","05-10-2019","20191005"
"z","mg","03","10","2019","03-10-2019","20191003"
"z","mg","29","09","2019","29-09-2019","20190929"
"z","mg","29","09","2019","29-09-2019","20190929"
"z","mg","25","09","2019","25-09-2019","20190925"
"z","mg","19","09","2019","19-09-2019","20190919"
"z","mg","16","09","2019","16-09-2019","20190916"
"z","mg","13","09","2019","13-09-2019","20190913"
"z","mg","09","09","2019","09-09-2019","20190909"
"z","mg","04","09","2019","04-09-2019","20190904"
"z","mg","28","08","2019","28-08-2019","20190828"
"z","mg","26","08","2019","26-08-2019","20190826"
"z","mg","22","08","2019","22-08-2019","20190822"
"z","mg","21","08","2019","21-08-2019","20190821"
"z","mg","16","08","2019","16-08-2019","20190816"
"z","mg","16","08","2019","16-08-2019","20190816"
"z","mg","05","08","2019","05-08-2019","20190805"
"z","mg","29","07","2019","29-07-2019","20190729"
"z","mg","22","07","2019","22-07-2019","20190722"
"z","mg","18","07","2019","18-07-2019","20190718"
"z","mg","15","07","2019","15-07-2019","20190715"
"z","mg","14","07","2019","14-07-2019","20190714"
"z","mg","04","07","2019","04-07-2019","20190704"
"z","mg","04","07","2019","04-07-2019","20190704"
"z","mg","27","06","2019","27-06-2019","20190627"
"z","mg","15","06","2019","15-06-2019","20190615"
"z","mg","15","06","2019","15-06-2019","20190615"
"z","mg","15","06","2019","15-06-2019","20190615"
"z","mg","11","06","2019","11-06-2019","20190611"
"z","mg","15","04","2019","15-04-2019","20190415"
"z","mg","15","04","2019","15-04-2019","20190415"
"z","mg","15","04","2019","15-04-2019","20190415"
"z","mg","14","04","2019","14-04-2019","20190414"
"z","mg","10","04","2019","10-04-2019","20190410"
"z","mg","07","03","2019","07-03-2019","20190307"
"z","mg","07","03","2019","07-03-2019","20190307"
"z","mg","07","03","2019","07-03-2019","20190307"
"z","mg","21","02","2019","21-02-2019","20190221"
"z","mg","11","02","2019","11-02-2019","20190211"
"z","mg","11","02","2019","11-02-2019","20190211"
"z","mg","11","02","2019","11-02-2019","20190211"
"z","mg","04","02","2019","04-02-2019","20190204"
"z","mg","28","01","2019","28-01-2019","20190128"
"z","mg","26","01","2019","26-01-2019","20190126"
"z","mg","20","01","2019","20-01-2019","20190120"
"z","mg","13","01","2019","13-01-2019","20190113"
"z","mg","03","01","2019","03-01-2019","20190103"
"z","mg","02","01","2019","02-01-2019","20190102"
"z","mg","01","01","2019","01-01-2019","20190101"
"z","mg","26","12","2018","26-12-2018","20181226"
"z","mg","26","12","2018","26-12-2018","20181226"
"z","mg","25","12","2018","25-12-2018","20181225"
"z","mg","24","12","2018","24-12-2018","20181224"
"z","mg","24","12","2018","24-12-2018","20181224"
"z","mg","23","12","2018","23-12-2018","20181223"
"z","mg","10","12","2018","10-12-2018","20181210"
"z","mg","27","11","2018","27-11-2018","20181127"
"z","mg","27","11","2018","27-11-2018","20181127"
"z","mg","26","11","2018","26-11-2018","20181126"
"z","mg","26","11","2018","26-11-2018","20181126"
"z","mg","26","11","2018","26-11-2018","20181126"
"z","mg","19","11","2018","19-11-2018","20181119"
"z","mg","10","11","2018","10-11-2018","20181110"
"z","mg","04","11","2018","04-11-2018","20181104"
"z","mg","04","11","2018","04-11-2018","20181104"
"z","mg","04","11","2018","04-11-2018","20181104"
"z","mg","04","11","2018","04-11-2018","20181104"
"z","mg","03","11","2018","03-11-2018","20181103"
"z","mg","29","10","2018","29-10-2018","20181029"
"z","mg","29","10","2018","29-10-2018","20181029"
"z","mg","21","10","2018","21-10-2018","20181021"
"z","mg","21","10","2018","21-10-2018","20181021"
"z","mg","19","10","2018","19-10-2018","20181019"
"z","mg","19","10","2018","19-10-2018","20181019"
"z","mg","14","10","2018","14-10-2018","20181014"
"z","mg","13","10","2018","13-10-2018","20181013"
"z","mg","13","10","2018","13-10-2018","20181013"
"z","mg","13","10","2018","13-10-2018","20181013"
"z","mg","24","09","2018","24-09-2018","20180924"
"z","mg","18","09","2018","18-09-2018","20180918"
"z","mg","16","09","2018","16-09-2018","20180916"
"z","mg","15","09","2018","15-09-2018","20180915"
"z","mg","15","09","2018","15-09-2018","20180915"
"z","mg","14","09","2018","14-09-2018","20180914"
"z","mg","10","09","2018","10-09-2018","20180910"
"z","mg","07","09","2018","07-09-2018","20180907"
"z","mg","06","09","2018","06-09-2018","20180906"
"z","mg","05","09","2018","05-09-2018","20180905"
"z","mg","05","09","2018","05-09-2018","20180905"
"z","mg","05","09","2018","05-09-2018","20180905"
"z","mg","05","09","2018","05-09-2018","20180905"
"z","mg","05","09","2018","05-09-2018","20180905"
"z","mg","05","09","2018","05-09-2018","20180905"
"z","mg","05","09","2018","05-09-2018","20180905"
"z","mg","05","09","2018","05-09-2018","20180905"
"z","mg","05","09","2018","05-09-2018","20180905"
"z","mg","05","09","2018","05-09-2018","20180905"
"z","mg","03","09","2018","03-09-2018","20180903"
"z","mg","02","09","2018","02-09-2018","20180902"
"z","mg","30","08","2018","30-08-2018","20180830"
"z","mg","29","08","2018","29-08-2018","20180829"
"z","mg","29","08","2018","29-08-2018","20180829"
"z","mg","28","08","2018","28-08-2018","20180828"
"z","mg","27","08","2018","27-08-2018","20180827"
"z","mg","26","08","2018","26-08-2018","20180826"
"z","mg","24","08","2018","24-08-2018","20180824"
"z","mg","14","08","2018","14-08-2018","20180814"
"z","mg","14","08","2018","14-08-2018","20180814"
"z","mg","06","08","2018","06-08-2018","20180806"
"z","mg","03","08","2018","03-08-2018","20180803"
"z","mg","03","08","2018","03-08-2018","20180803"
"z","mg","02","08","2018","02-08-2018","20180802"
"z","mg","01","08","2018","01-08-2018","20180801"
"z","mg","01","08","2018","01-08-2018","20180801"
"z","mg","01","08","2018","01-08-2018","20180801"
"z","mg","27","07","2018","27-07-2018","20180727"
"z","mg","27","07","2018","27-07-2018","20180727"
"z","mg","27","07","2018","27-07-2018","20180727"
"z","mg","25","07","2018","25-07-2018","20180725"
"z","mg","24","07","2018","24-07-2018","20180724"
"z","mg","23","07","2018","23-07-2018","20180723"
"z","mg","22","07","2018","22-07-2018","20180722"
"z","mg","06","07","2018","06-07-2018","20180706"
"z","mg","05","07","2018","05-07-2018","20180705"
"z","mg","05","07","2018","05-07-2018","20180705"
"z","mg","05","07","2018","05-07-2018","20180705"
"z","mg","04","07","2018","04-07-2018","20180704"
"z","mg","04","07","2018","04-07-2018","20180704"
"z","mg","04","07","2018","04-07-2018","20180704"
"z","mg","04","07","2018","04-07-2018","20180704"
"z","mg","04","07","2018","04-07-2018","20180704"
"z","mg","04","07","2018","04-07-2018","20180704"
"z","mg","04","07","2018","04-07-2018","20180704"
"z","mg","04","07","2018","04-07-2018","20180704"
"z","mg","04","07","2018","04-07-2018","20180704"
"z","mg","04","07","2018","04-07-2018","20180704"
"z","mg","04","07","2018","04-07-2018","20180704"
"z","mg","04","07","2018","04-07-2018","20180704"
"z","mg","04","07","2018","04-07-2018","20180704"
"z","mg","04","07","2018","04-07-2018","20180704"
"z","mg","04","07","2018","04-07-2018","20180704"
"z","mg","04","07","2018","04-07-2018","20180704"
"z","mg","04","07","2018","04-07-2018","20180704"
"z","mg","04","07","2018","04-07-2018","20180704"
"z","mg","04","07","2018","04-07-2018","20180704"
"z","mg","04","07","2018","04-07-2018","20180704"
"z","mg","04","07","2018","04-07-2018","20180704"
"z","mg","04","07","2018","04-07-2018","20180704"
"z","mg","04","07","2018","04-07-2018","20180704"
"z","mg","03","07","2018","03-07-2018","20180703"
"z","mg","03","07","2018","03-07-2018","20180703"
"z","mg","03","07","2018","03-07-2018","20180703"
"z","mg","03","07","2018","03-07-2018","20180703"
"z","mg","03","07","2018","03-07-2018","20180703"
"z","mg","03","07","2018","03-07-2018","20180703"
"z","mg","03","07","2018","03-07-2018","20180703"
"z","mg","03","07","2018","03-07-2018","20180703"
"z","mg","03","07","2018","03-07-2018","20180703"
"z","mg","03","07","2018","03-07-2018","20180703"
"z","mg","03","07","2018","03-07-2018","20180703"
"z","mg","03","07","2018","03-07-2018","20180703"
"z","mg","03","07","2018","03-07-2018","20180703"
"z","mg","03","07","2018","03-07-2018","20180703"
"z","mg","03","07","2018","03-07-2018","20180703"
"z","mg","03","07","2018","03-07-2018","20180703"
"z","mg","03","07","2018","03-07-2018","20180703"
"z","mg","03","07","2018","03-07-2018","20180703"
"z","mg","03","07","2018","03-07-2018","20180703"
"z","mg","03","06","2018","03-06-2018","20180603"
"z","mg","24","05","2018","24-05-2018","20180524"
"z","mg","23","05","2018","23-05-2018","20180523"
"z","mg","20","05","2018","20-05-2018","20180520"
"z","mg","20","05","2018","20-05-2018","20180520"
"z","mg","20","05","2018","20-05-2018","20180520"
"z","mg","17","05","2018","17-05-2018","20180517"
"z","mg","25","04","2018","25-04-2018","20180425"
"z","mg","13","04","2018","13-04-2018","20180413"
"z","mg","08","04","2018","08-04-2018","20180408"
"z","mg","24","03","2018","24-03-2018","20180324"
"z","mg","24","03","2018","24-03-2018","20180324"
"z","mg","04","03","2018","04-03-2018","20180304"
"z","mg","04","03","2018","04-03-2018","20180304"
"z","mg","23","02","2018","23-02-2018","20180223"
"z","mg","18","02","2018","18-02-2018","20180218"
"z","mg","10","02","2018","10-02-2018","20180210"
"z","mg","16","01","2018","16-01-2018","20180116"
"z","mg","13","01","2018","13-01-2018","20180113"
"z","mg","12","01","2018","12-01-2018","20180112"
"z","mg","12","01","2018","12-01-2018","20180112"
"z","mg","11","01","2018","11-01-2018","20180111"
"z","mg","11","01","2018","11-01-2018","20180111"
"z","mg","09","01","2018","09-01-2018","20180109"
"z","mg","08","01","2018","08-01-2018","20180108"
"z","mg","02","01","2018","02-01-2018","20180102"
"z","mg","30","12","2017","30-12-2017","20171230"
"z","mg","30","12","2017","30-12-2017","20171230"
"z","mg","24","12","2017","24-12-2017","20171224"
"z","mg","22","12","2017","22-12-2017","20171222"
"z","mg","02","12","2017","02-12-2017","20171202"
"z","mg","02","12","2017","02-12-2017","20171202"
"z","mg","01","12","2017","01-12-2017","20171201"
"z","mg","01","12","2017","01-12-2017","20171201"
"z","mg","01","12","2017","01-12-2017","20171201"
"z","mg","13","11","2017","13-11-2017","20171113"
"z","mg","12","11","2017","12-11-2017","20171112"
"z","mg","30","10","2017","30-10-2017","20171030"
"z","mg","22","10","2017","22-10-2017","20171022"
"z","mg","17","10","2017","17-10-2017","20171017"
"z","mg","13","10","2017","13-10-2017","20171013"
"z","mg","12","10","2017","12-10-2017","20171012"
"z","mg","05","10","2017","05-10-2017","20171005"
"z","mg","05","10","2017","05-10-2017","20171005"
"z","mg","01","10","2017","01-10-2017","20171001"
"z","mg","01","10","2017","01-10-2017","20171001"
"z","mg","25","09","2017","25-09-2017","20170925"
"z","mg","24","09","2017","24-09-2017","20170924"
"z","mg","23","09","2017","23-09-2017","20170923"
"z","mg","23","09","2017","23-09-2017","20170923"
"z","mg","19","09","2017","19-09-2017","20170919"
"z","mg","18","09","2017","18-09-2017","20170918"
"z","mg","17","09","2017","17-09-2017","20170917"
"z","mg","17","09","2017","17-09-2017","20170917"
"z","mg","17","09","2017","17-09-2017","20170917"
"z","mg","17","09","2017","17-09-2017","20170917"
"z","mg","17","09","2017","17-09-2017","20170917"
"z","mg","16","09","2017","16-09-2017","20170916"
"z","mg","15","09","2017","15-09-2017","20170915"
"z","mg","15","09","2017","15-09-2017","20170915"
"z","mg","12","09","2017","12-09-2017","20170912"
"z","mg","12","09","2017","12-09-2017","20170912"
"z","mg","11","09","2017","11-09-2017","20170911"
"z","mg","11","09","2017","11-09-2017","20170911"
"z","mg","11","09","2017","11-09-2017","20170911"
"z","mg","11","09","2017","11-09-2017","20170911"
"z","mg","09","09","2017","09-09-2017","20170909"
"z","mg","08","09","2017","08-09-2017","20170908"
"z","mg","08","09","2017","08-09-2017","20170908"
"z","mg","05","09","2017","05-09-2017","20170905"
"z","mg","02","09","2017","02-09-2017","20170902"
"z","mg","31","08","2017","31-08-2017","20170831"
"z","mg","31","08","2017","31-08-2017","20170831"
"z","mg","31","08","2017","31-08-2017","20170831"
"z","mg","20","08","2017","20-08-2017","20170820"
"z","mg","06","08","2017","06-08-2017","20170806"
"z","mg","23","07","2017","23-07-2017","20170723"
"z","mg","13","07","2017","13-07-2017","20170713"
"z","mg","06","06","2017","06-06-2017","20170606"
"z","mg","05","06","2017","05-06-2017","20170605"
"z","mg","10","05","2017","10-05-2017","20170510"
"z","mg","04","05","2017","04-05-2017","20170504"
"z","mg","07","04","2017","07-04-2017","20170407"
"z","mg","04","04","2017","04-04-2017","20170404"
"z","mg","28","03","2017","28-03-2017","20170328"
"z","mg","24","03","2017","24-03-2017","20170324"
"z","mg","21","03","2017","21-03-2017","20170321"
"z","mg","20","03","2017","20-03-2017","20170320"
"z","mg","18","03","2017","18-03-2017","20170318"
"z","mg","15","03","2017","15-03-2017","20170315"
"z","mg","14","03","2017","14-03-2017","20170314"
"z","mg","06","03","2017","06-03-2017","20170306"
"z","mg","25","02","2017","25-02-2017","20170225"
"z","mg","03","02","2017","03-02-2017","20170203"
"z","mg","03","02","2017","03-02-2017","20170203"
"z","mg","29","01","2017","29-01-2017","20170129"
"z","mg","27","01","2017","27-01-2017","20170127"
"z","mg","25","01","2017","25-01-2017","20170125"
"z","mg","25","01","2017","25-01-2017","20170125"
"z","mg","24","01","2017","24-01-2017","20170124"
"z","mg","24","01","2017","24-01-2017","20170124"
"z","mg","24","01","2017","24-01-2017","20170124"
"z","mg","13","01","2017","13-01-2017","20170113"
"z","mg","09","01","2017","09-01-2017","20170109"
"z","mg","26","12","2016","26-12-2016","20161226"
"z","mg","26","12","2016","26-12-2016","20161226"
"z","mg","22","12","2016","22-12-2016","20161222"
"z","mg","20","12","2016","20-12-2016","20161220"
"z","mg","15","12","2016","15-12-2016","20161215"
"z","mg","12","12","2016","12-12-2016","20161212"
"z","mg","11","12","2016","11-12-2016","20161211"
"z","mg","07","12","2016","07-12-2016","20161207"
"z","mg","03","12","2016","03-12-2016","20161203"
"z","mg","17","11","2016","17-11-2016","20161117"
"z","mg","17","11","2016","17-11-2016","20161117"
"z","mg","13","11","2016","13-11-2016","20161113"
"z","mg","11","11","2016","11-11-2016","20161111"
"z","mg","11","11","2016","11-11-2016","20161111"
"z","mg","11","11","2016","11-11-2016","20161111"
"z","mg","11","11","2016","11-11-2016","20161111"
"z","mg","10","11","2016","10-11-2016","20161110"
"z","mg","08","11","2016","08-11-2016","20161108"
"z","mg","08","11","2016","08-11-2016","20161108"
"z","mg","08","11","2016","08-11-2016","20161108"
"z","mg","08","11","2016","08-11-2016","20161108"
"z","mg","07","11","2016","07-11-2016","20161107"
"z","mg","07","11","2016","07-11-2016","20161107"
"z","mg","07","11","2016","07-11-2016","20161107"
"z","mg","03","11","2016","03-11-2016","20161103"
"z","mg","02","11","2016","02-11-2016","20161102"
"z","mg","02","11","2016","02-11-2016","20161102"
"z","mg","02","11","2016","02-11-2016","20161102"
"z","mg","02","11","2016","02-11-2016","20161102"
"z","mg","02","11","2016","02-11-2016","20161102"
"z","mg","31","10","2016","31-10-2016","20161031"
"z","mg","31","10","2016","31-10-2016","20161031"
"z","mg","31","10","2016","31-10-2016","20161031"
"z","mg","31","10","2016","31-10-2016","20161031"
"z","mg","30","10","2016","30-10-2016","20161030"
"z","mg","30","10","2016","30-10-2016","20161030"
"z","mg","30","10","2016","30-10-2016","20161030"
"z","mg","30","10","2016","30-10-2016","20161030"
"z","mg","30","10","2016","30-10-2016","20161030"
"z","mg","30","10","2016","30-10-2016","20161030"
"z","mg","30","10","2016","30-10-2016","20161030"
"z","mg","30","10","2016","30-10-2016","20161030"
"z","mg","30","10","2016","30-10-2016","20161030"
"z","mg","30","10","2016","30-10-2016","20161030"
"z","mg","30","10","2016","30-10-2016","20161030"
"z","mg","29","10","2016","29-10-2016","20161029"
"z","mg","29","10","2016","29-10-2016","20161029"
"z","mg","29","10","2016","29-10-2016","20161029"
"z","mg","29","10","2016","29-10-2016","20161029"
"z","mg","29","10","2016","29-10-2016","20161029"
"z","mg","29","10","2016","29-10-2016","20161029"
"z","mg","29","10","2016","29-10-2016","20161029"
"z","mg","29","10","2016","29-10-2016","20161029"
"z","mg","29","10","2016","29-10-2016","20161029"
"z","mg","29","10","2016","29-10-2016","20161029"
"z","mg","29","10","2016","29-10-2016","20161029"
"z","mg","29","10","2016","29-10-2016","20161029"
"z","mg","29","10","2016","29-10-2016","20161029"
"z","mg","29","10","2016","29-10-2016","20161029"
"z","mg","29","10","2016","29-10-2016","20161029"
"z","mg","29","10","2016","29-10-2016","20161029"
"z","mg","29","10","2016","29-10-2016","20161029"
"z","mg","29","10","2016","29-10-2016","20161029"
"z","mg","28","10","2016","28-10-2016","20161028"
"z","mg","28","10","2016","28-10-2016","20161028"
"z","mg","28","10","2016","28-10-2016","20161028"
"z","mg","28","10","2016","28-10-2016","20161028"
"z","mg","28","10","2016","28-10-2016","20161028"
"z","mg","28","10","2016","28-10-2016","20161028"
"z","mg","28","10","2016","28-10-2016","20161028"
"z","mg","28","10","2016","28-10-2016","20161028"
"z","mg","28","10","2016","28-10-2016","20161028"
"z","mg","28","10","2016","28-10-2016","20161028"
"z","mg","28","10","2016","28-10-2016","20161028"
"z","mg","28","10","2016","28-10-2016","20161028"
"z","mg","28","10","2016","28-10-2016","20161028"
"z","mg","28","10","2016","28-10-2016","20161028"
"z","mg","28","10","2016","28-10-2016","20161028"
"z","mg","28","10","2016","28-10-2016","20161028"
"z","mg","28","10","2016","28-10-2016","20161028"
"z","mg","28","10","2016","28-10-2016","20161028"
"z","mg","28","10","2016","28-10-2016","20161028"
"z","mg","28","10","2016","28-10-2016","20161028"
"z","mg","28","10","2016","28-10-2016","20161028"
"z","mg","28","10","2016","28-10-2016","20161028"
"z","mg","28","10","2016","28-10-2016","20161028"
"z","mg","28","10","2016","28-10-2016","20161028"
"z","mg","28","10","2016","28-10-2016","20161028"
"z","mg","28","10","2016","28-10-2016","20161028"
"z","mg","28","10","2016","28-10-2016","20161028"
"z","mg","28","10","2016","28-10-2016","20161028"
"z","mg","28","10","2016","28-10-2016","20161028"
"z","mg","28","10","2016","28-10-2016","20161028"
"z","mg","28","10","2016","28-10-2016","20161028"
"z","mg","28","10","2016","28-10-2016","20161028"
"z","mg","28","10","2016","28-10-2016","20161028"
"z","mg","28","10","2016","28-10-2016","20161028"
"z","mg","28","10","2016","28-10-2016","20161028"
"z","mg","28","10","2016","28-10-2016","20161028"
"z","mg","28","10","2016","28-10-2016","20161028"
"z","mg","28","10","2016","28-10-2016","20161028"
"z","mg","28","10","2016","28-10-2016","20161028"
"z","mg","28","10","2016","28-10-2016","20161028"
